{"cameraMode":{"drawMode":0,"name":"Shaded","section":"Shading Mode"},"sceneLighting":false,"audioPlay":false,"sceneViewState":{"showFog":false,"showMaterialUpdate":false,"showSkybox":false,"showFlares":false,"showImageEffects":false,"showParticleSystems":false},"in2DMode":false,"pivot":{"x":-2.9776110649108888,"y":-0.5034277439117432,"z":13.763376235961914},"rotation":{"x":-0.08008892089128494,"y":0.16577094793319703,"z":-0.013508612290024758,"w":-0.9828139543533325},"size":26.538101196289064,"orthographic":false}